centroid_x,centroid_y,centroid_z
780.0,780.0,291.0
1451.3134614034884,851.1388291363716,170.0
