centroid_x,centroid_y,centroid_z
0.494949494949495,0.494949494949495,-0.03779761120676994
0.23505892255892258,0.2518939393939394,0.05766930120989858
0.8041958041958043,0.17637917637917633,0.012614984963035519
0.7018572825024438,0.885304659498208,-0.13365532950903736
0.7472222222222222,0.5174242424242425,0.04516745489672762
0.27786960514233244,0.705050505050505,-0.11126477251633667
