centroid_x,centroid_y,centroid_z
7653.59375,7653.59375,414.0
12603.257113821142,3484.563008129935,75.78048780487791
11931.908244680846,11320.015514184222,451.3829787234041
3840.9387703251828,8026.939786585218,879.1707317073171
3869.8690476190295,13113.819940476036,1050.4
5585.577256944416,2738.0280671294677,865.611111111111
