centroid_x,centroid_y,centroid_z
463.85416666662786,695.78125,245.0
1066.864583333302,997.2864583335352,187.2
247.3888888888681,262.8506944446204,323.8
927.7083333333138,126.50568181826645,230.0909090909091
248.4933035714077,878.0096726191696,484.21428571428567
