centroid_x,centroid_y,centroid_z
780.0,780.0,291.0
841.1439458319294,699.5451882343211,231.0
1138.6719329950076,1310.8573216880745,327.0
1522.4915281407996,818.2894164589942,157.00000000000003
503.7796281854868,1067.8483588639765,494.0
440.0665436329623,526.8226685027976,328.5
1091.068029350759,357.1567451627073,181.00000000000003
433.9367015573479,530.6914212457871,346.0
500.4085823269612,1064.1861107831287,485.0
