centroid_x,centroid_y,centroid_z
346890.91461152787,2649728.1703872033,414.0
342631.8899903157,2654092.6164099304,791.6666666666666
350672.6145536575,2644284.326347851,95.61111111111109
342777.2605545103,2646509.6734939283,1369.0350877192982
351004.5686685454,2654836.669564835,632.1052631578948
350994.7355027316,2649702.400711277,186.52777777777794
