centroid_x,centroid_y,centroid_z
780.0,780.0,291.0
1228.4626629104405,669.4970470843682,177.0
1019.3719711562367,1472.4204770933343,435.0
