centroid_x,centroid_y,centroid_z
780.0,780.0,291.0
1357.9882645154132,878.7427126254458,160.0
