centroid_x,centroid_y,centroid_z
780.0,780.0,291.0
923.0071445358075,691.0691026263474,202.0
