centroid_x,centroid_y,centroid_z
780.0,780.0,291.0
729.8874890567528,830.4602053185312,335.0
