centroid_x,centroid_y,centroid_z
780.0,780.0,291.0
1348.1906043244303,396.51939399048246,250.0
