centroid_x,centroid_y,centroid_z
780.0,780.0,291.0
760.3026396437915,1509.0963676611898,516.0
385.8682872115145,738.4849246195552,410.0
