centroid_x,centroid_y,centroid_z
780.0,780.0,291.0
18.28854563167879,1443.1021072998374,649.444
