centroid_x,centroid_y,centroid_z
780.0,780.0,291.0
1107.2110099925728,1323.4424742696954,329.0
