centroid_x,centroid_y,centroid_z
780.0,780.0,291.0
1512.475753118727,730.5373841037463,174.0
