centroid_x,centroid_y,centroid_z
780.0,780.0,291.0
144.74942328420778,1196.2431293023897,765.0
