centroid_x,centroid_y,centroid_z
780.0,780.0,291.0
403.89881514288226,1404.414084164487,615.0
445.98954834836616,43.06276241361968,297.0
