centroid_x,centroid_y,centroid_z
780.0,780.0,291.0
941.1260610652823,742.8368791061406,221.0
389.32013224044806,455.0055088792424,353.0
