centroid_x,centroid_y,centroid_z
780.0,780.0,291.0
1539.7588171182392,1252.6203766759686,173.99999999999997
1508.5992940974877,466.7266659149712,159.11199999999997
