centroid_x,centroid_y,centroid_z
780.0,780.0,291.0
519.0528711336829,610.4372505194733,305.0
632.4428626652413,352.8162084557386,256.0
