centroid_x,centroid_y,centroid_z
780.0,780.0,291.0
304.9549613383613,1077.439237646544,623.0
