centroid_x,centroid_y,centroid_z
780.0,780.0,291.0
1131.486104050291,1025.5310930520895,193.99999999999966
50.709262006936,298.69954968184,524.0
580.2372475095943,86.22194017495798,255.0000000000001
