centroid_x,centroid_y,centroid_z
780.0,780.0,291.0
1485.3691196600807,602.1504347405447,163.0
1484.8732805672716,602.1542110114758,176.0
