centroid_x,centroid_y,centroid_z
780.0,780.0,291.0
1292.0418339369353,744.3177050864425,178.0
876.6268492144203,926.8602194175684,264.0
