centroid_x,centroid_y,centroid_z
780.0,780.0,291.0
868.3356414432997,321.89136514343,199.0
242.55233616585997,1092.655436200052,657.0
