centroid_x,centroid_y,centroid_z
780.0,780.0,291.0
1494.8493462319088,1489.6942114695692,232.0
